id;name;created_by;created_date;update_date;update_by
1;Table;31264;2022-10-06T07:32:03;2022-10-06T20:59:49;96124
2;Integration;82897;2022-10-07T00:40:58;2022-10-06T06:16:36;89081
3;HTTP Checking;90596;2022-10-06T04:47:16;2022-10-06T06:49:24;83846
4;Berkshire Planner enterprise;13053;2022-10-07T02:17:21;2022-10-06T22:13:41;84884
5;Soap Salad killer;19780;2022-10-07T02:42:10;2022-10-06T22:29:35;52690
6;Washington;94420;2022-10-06T17:46:46;2022-10-06T13:23:35;26839
7;Designer array;15061;2022-10-06T10:10:48;2022-10-06T22:04:59;44764
8;Loan Music;61498;2022-10-06T14:58:37;2022-10-06T21:32:46;33352
9;Account Front-line plug-and-play;23683;2022-10-06T03:38:39;2022-10-06T19:49:28;76773
10;Rubber;66292;2022-10-06T14:06:13;2022-10-06T05:32:32;92065
